INSERT INTO public.tags (id, created_at, value)
VALUES (21, DEFAULT, 'sermalevxv'),
       (22, DEFAULT, 'yzyzahwq'),
       (23, DEFAULT, 'ztvbgfoqidz'),
       (24, DEFAULT, 'icvpzmui'),
       (25, DEFAULT, 'bl'),
       (26, DEFAULT, 'twmq'),
       (27, DEFAULT, 'mtyxt'),
       (28, DEFAULT, 'mpcixrue'),
       (29, DEFAULT, 'mjswp'),
       (30, DEFAULT, 'y'),
       (31, DEFAULT, 'dzwl'),
       (32, DEFAULT, 'efbnj'),
       (33, DEFAULT, 'ngmktxmgjjz'),
       (34, DEFAULT, 'iezdyilu'),
       (35, DEFAULT, 'zbeeldtuuzv'),
       (36, DEFAULT, 'wrtm'),
       (37, DEFAULT, 'esivtphkj'),
       (38, DEFAULT, 'b'),
       (39, DEFAULT, 'clyohs'),
       (40, DEFAULT, 'pjghqa');
SELECT setval('"public"."tags_id_seq"'::regclass, (SELECT MAX("id") FROM "public"."tags"));
INSERT INTO auth.users (instance_id, id, aud, role, email, encrypted_password, email_confirmed_at, invited_at,
                        confirmation_token, confirmation_sent_at, recovery_token, recovery_sent_at,
                        email_change_token_new, email_change, email_change_sent_at, last_sign_in_at, raw_app_meta_data,
                        raw_user_meta_data, is_super_admin, created_at, updated_at, phone, phone_confirmed_at,
                        phone_change, phone_change_token, phone_change_sent_at, email_change_token_current,
                        email_change_confirm_status, banned_until, reauthentication_token, reauthentication_sent_at,
                        is_sso_user, deleted_at, is_anonymous)
VALUES ('7a323d04-6766-5859-b621-9bc4e99573ee', 'e4b1d357-403c-54da-bed9-9fed7ed0839a',
        'username:james,role:admin,permissions:read,write,delete,password:$2b$12$d5e4f3g2h1j', 'localadmin',
        'Mattie.Kovacek82345@pooh-competitor.info', '$2b$10$G5eF4D3eR2eF4D', '2020-12-24T11:47:52.000Z',
        '2020-09-17T20:56:38.000Z', '9e9c284e-dfe2-59b1-a6c5-cf09139c395d', '2020-12-20T23:43:22.000Z',
        'c4c0b0ac-1094-5f0c-b9d8-e88b7a3dc52c', '2020-08-12T07:42:16.000Z', '0cd124c2-22b1-531b-a38b-950e08ccdab1',
        'false', '2020-11-11T22:41:59.000Z', '2020-05-13T16:33:55.000Z', '{
    "Ne": "Fungimur doloribus"
  }',
        '{
          "Ex": "Vel utinis"
        }', 't', '2020-09-01T08:54:44.000Z', '2020-05-09T16:30:50.000Z', DEFAULT,
        '2020-07-23T06:54:15.000Z', DEFAULT, DEFAULT, '2020-01-21T12:42:24.000Z', DEFAULT, DEFAULT,
        '2020-07-03T06:55:12.000Z', DEFAULT, '2020-08-12T19:16:31.000Z', DEFAULT, '2020-09-05T08:36:51.000Z', DEFAULT),
       ('85f101b7-1b42-56cf-b014-547868c27aea', 'f6f9a086-6ef3-5093-868c-2a588d447b92',
        'username:natalie,role:moderator,permissions:read,write,password:$2b$12$k3l2m1n0o9', 'superuser',
        'Sierra_Durgan28367@off-kayak.net', '$2a$12$F8G7eF8G7dF8G7', '2020-11-11T22:13:26.000Z',
        '2020-10-26T21:21:40.000Z', '3aff985c-2765-5bd6-8227-b07d3bd0efca', '2020-07-27T06:21:01.000Z',
        'c3b12a15-6ba2-5ba6-aab5-5258dfb0b2a3', '2020-12-20T23:36:23.000Z', 'ed0e617a-41a3-5f36-a73a-c51311deab61',
        'true', '2020-08-20T07:56:02.000Z', '2020-02-06T13:14:43.000Z', '{
         "Quamquamquam": "Iis illum exis"
       }',
        '{
          "Scientiam": "Ad nam inereat"
        }', 't', '2020-06-26T17:53:11.000Z', '2020-05-05T16:56:09.000Z', DEFAULT,
        '2020-01-17T12:31:02.000Z', DEFAULT, DEFAULT, '2020-02-02T01:41:41.000Z', DEFAULT, DEFAULT,
        '2020-12-17T00:00:54.000Z', DEFAULT, '2020-07-03T18:25:09.000Z', DEFAULT, '2020-07-27T19:06:13.000Z', DEFAULT),
       ('650d17cd-21b0-5644-b246-8c0483905623', '170931e6-1987-5e5f-967a-ee9b2300636c',
        'username:olivia,role:user,permissions:read,password:$2b$12$r5e4t3y2u1i9', 'poweruser',
        'Adrien_Lesch78865@referenceemergent.biz', '$2a$12$W9tT9tW9tT9tW9', '2020-09-01T08:44:56.000Z',
        '2020-10-02T09:41:11.000Z', '380beade-3624-50f0-8855-fd031a9c36f3', '2020-04-04T15:46:52.000Z',
        '2e48d9e6-e18a-55ec-8e43-799bbeec521d', '2020-09-13T21:02:58.000Z', 'd207c4b7-8927-5910-a1ea-669a93c037ff',
        'false', '2020-04-12T15:10:11.000Z', '2020-04-20T03:28:15.000Z', '{
         "Quisquam": "Sunt cumanimi"
       }',
        '{
          "Voluptas": "Rem ex"
        }', 'f', '2020-06-26T05:20:49.000Z', '2020-04-28T03:37:29.000Z', DEFAULT,
        '2020-10-14T21:32:32.000Z', DEFAULT, DEFAULT, '2020-07-15T18:12:46.000Z', DEFAULT, DEFAULT,
        '2020-06-18T17:06:13.000Z', DEFAULT, '2020-12-16T23:24:12.000Z', DEFAULT, '2020-03-03T02:42:15.000Z', DEFAULT),
       ('4fa6429c-4939-50d0-8bd5-59695c09abd6', '18161b53-44bf-5c5e-b990-764822666468',
        'username:umar,role:user,permissions:read,password:$2b$12$g6f5e4d3c2b1', 'poweruser',
        'Ernie_Durgan52093@theseprevention.com', 'argon2$3$16$4096$8$G5eF4D3eR2eF', '2020-08-12T19:32:35.000Z',
        '2020-11-03T11:05:37.000Z', 'f752f86d-8abe-5bc9-b2e4-3c24088843fd', '2020-10-06T09:24:42.000Z',
        'df334e6f-b08b-50e1-a0e8-5269b0e10e89', '2020-04-28T15:22:48.000Z', '23c94b7c-55f0-52ab-9002-431426f59a36',
        'false', '2020-08-16T07:43:29.000Z', '2020-02-06T01:27:46.000Z', '{
         "Quibusus": "Vacuituram intera recteque"
       }',
        '{
          "Modo": "Dubitassen anus"
        }', 't', '2020-11-03T22:36:01.000Z', '2020-07-23T18:18:50.000Z', DEFAULT,
        '2020-08-04T07:32:27.000Z', DEFAULT, DEFAULT, '2020-12-24T11:23:23.000Z', DEFAULT, DEFAULT,
        '2020-11-27T10:13:28.000Z', DEFAULT, '2020-09-05T08:21:35.000Z', DEFAULT, '2020-06-02T05:55:21.000Z', DEFAULT),
       ('9e3d0d07-48a8-54ef-9fc1-a81694828222', '132eb0a7-8d44-5839-b8f2-862031e624d8',
        'username:yvonne,role:user,permissions:read,password:$2b$12$a1b2c3d4e5f6', 'technicalwriter',
        'Giovanna_Jacobson22921@spitflugelhorn.biz', 'scrypt$N$16384$8$8$F8G7eF8G7dF8', '2020-09-09T08:09:53.000Z',
        '2020-12-24T23:36:12.000Z', 'daf46c29-5d19-55ee-9ac9-014361b0b2eb', '2020-04-20T16:06:08.000Z',
        '6d901491-f942-5907-8f2f-49474047a03f', '2020-01-01T00:31:42.000Z', '94378e08-b665-5469-9740-e3bd7872893f',
        'true', '2020-11-27T22:35:22.000Z', '2020-09-09T20:25:44.000Z', '{
         "Enimperpet": "Iudicus cent"
       }',
        '{
          "Terroribus": "Labordam et delappellat"
        }', 't', '2020-11-07T22:57:46.000Z', '2020-10-10T21:47:57.000Z',
        DEFAULT, '2020-06-26T05:07:24.000Z', DEFAULT, DEFAULT, '2020-01-25T12:24:24.000Z', DEFAULT, DEFAULT,
        '2020-01-17T00:16:14.000Z', DEFAULT, '2020-06-22T17:31:35.000Z', DEFAULT, '2020-07-27T06:21:36.000Z', DEFAULT),
       ('1d3dcf8d-ea19-5922-ba0c-1edda442382d', '617258c8-3b6d-5fef-9765-6977ab0051a1',
        'username:james,role:admin,permissions:read,write,delete,password:$2b$12$d5e4f3g2h1j', 'uiengineer',
        'Jarrett.Corkery46221@wellwornillusion.com', 'PBKDF2$H$9$I4N3oR9T8yU7', '2020-04-12T04:00:17.000Z',
        '2020-12-24T11:41:06.000Z', '90a41b50-859d-5282-9ded-83b98adc25e7', '2020-01-13T00:53:13.000Z',
        'c839faf5-232c-5bea-86d0-615aad115d92', '2020-04-08T15:50:33.000Z', '042ad1bb-9318-53b0-817e-2e8fe1e26f87',
        'true', '2020-02-14T01:34:47.000Z', '2020-10-10T21:42:01.000Z', '{
         "Tum": "Tant es"
       }',
        '{
          "Nobis": "Est in reprehenim"
        }', 'f', '2020-10-22T21:17:45.000Z', '2020-02-06T01:52:08.000Z', DEFAULT,
        '2020-03-27T03:05:15.000Z', DEFAULT, DEFAULT, '2020-06-02T17:31:08.000Z', DEFAULT, DEFAULT,
        '2020-11-11T11:00:59.000Z', DEFAULT, '2020-05-25T04:35:45.000Z', DEFAULT, '2020-03-03T14:54:28.000Z', DEFAULT),
       ('6eab2073-b955-55d8-9d98-fdb7319a6400', 'ed6946cc-d4aa-50bb-844f-739667f4367c',
        'username:ablak,role:user,permissions:read,password:$2b$12$r5e4t3y2u1i9', 'anonymous',
        'Marilie.Kihn97796@prowl-crate.biz', 'PBKDF2$H$9$W9tT9tW9tT9tW9', '2020-08-28T19:44:59.000Z',
        '2020-11-11T22:22:32.000Z', '468d67ab-e798-5634-8083-cf3ac466baaf', '2020-05-21T16:54:41.000Z',
        'e7df9f1d-4797-5152-8439-14399d5c71e6', '2020-08-20T19:11:24.000Z', 'c1c9213c-4bd5-5d45-ad90-8e14fe08afc6',
        'false', '2020-07-23T06:42:29.000Z', '2020-12-08T23:25:42.000Z', '{
         "Divellere": "Neces sit"
       }',
        '{
          "Num": "Afferae perspicuum"
        }', 't', '2020-10-22T09:22:39.000Z', '2020-10-14T21:13:25.000Z', DEFAULT,
        '2020-10-06T21:46:57.000Z', DEFAULT, DEFAULT, '2020-08-28T07:38:41.000Z', DEFAULT, DEFAULT,
        '2020-05-05T16:47:11.000Z', DEFAULT, '2020-03-23T02:17:45.000Z', DEFAULT, '2020-09-17T20:21:19.000Z', DEFAULT),
       ('6a7f4775-3817-50f6-bf68-0137a2967bb8', 'b14deeef-8b95-55fa-ba3f-fed8ccd64531',
        'username:cdunn,role:user,permissions:read,password:$2b$12$p0o9i8u7y6t5', 'analyst',
        'Etha_Waters87552@flattenclearing.com', '$2b$12$WuwmXOQ4WQ8wq8wQWQ8wWQWu', '2020-04-20T03:28:02.000Z',
        '2020-11-19T10:56:06.000Z', 'c6aaed41-05cb-5454-8af8-382b8be24fe7', '2020-09-05T21:06:13.000Z',
        'ff8bd2dc-5c2a-53ba-9cd7-32e0662220ae', '2020-04-08T15:41:21.000Z', '54a0f2ec-7525-5229-b14f-0cc7e033473f',
        'false', '2020-05-25T04:55:47.000Z', '2020-05-13T16:29:44.000Z', '{
         "Atque": "Tentiae vel"
       }',
        '{
          "Functio": "Ipsum sed"
        }', 'f', '2020-01-17T00:16:00.000Z', '2020-09-17T20:23:11.000Z', DEFAULT,
        '2020-11-03T10:35:19.000Z', DEFAULT, DEFAULT, '2020-02-18T01:39:37.000Z', DEFAULT, DEFAULT,
        '2020-07-27T18:42:33.000Z', DEFAULT, '2020-03-27T02:12:56.000Z', DEFAULT, '2020-12-28T23:46:18.000Z', DEFAULT),
       ('bb9bc19c-1dd6-505d-b573-cb92f1206ffe', '0f6c15ce-a0c9-54ab-9ef0-2d0d104c484e',
        'username:taylor,role:admin,permissions:read,write,delete,password:$2b$12$a8b7c6d5e4f3', 'superadmin',
        'Desiree_Lynch99396@scoldbadger.com', '$2a$12$F8G7eF8G7dF8G7', '2020-12-28T11:25:19.000Z',
        '2020-06-02T05:43:42.000Z', '14f1900d-4c3c-563b-a4a4-f5b402a6b834', '2020-11-27T22:22:54.000Z',
        '5ed02371-d6b3-5f35-8f82-744334c71ab0', '2020-03-11T02:57:45.000Z', 'e71561c1-3a1d-5371-a262-8fcc0368672f',
        'false', '2020-10-06T09:39:44.000Z', '2020-06-18T05:35:28.000Z', '{
         "Voluptatem": "Sunt offendit"
       }',
        '{
          "Fuisset": "Expetuam virtute"
        }', 'f', '2020-07-23T18:57:45.000Z', '2020-03-27T14:48:49.000Z', DEFAULT,
        '2020-04-16T03:41:08.000Z', DEFAULT, DEFAULT, '2020-01-25T12:42:00.000Z', DEFAULT, DEFAULT,
        '2020-11-11T10:59:00.000Z', DEFAULT, '2020-09-01T08:30:37.000Z', DEFAULT, '2020-04-24T15:40:40.000Z', DEFAULT),
       ('be866e6c-2b54-5c46-965d-6b185d5a3713', '5db27777-c023-548d-b68a-b2d1f8e1b232',
        'username:ablak,role:user,permissions:read,password:$2b$12$r5e4t3y2u1i9', 'qaengineer',
        'Bryon_MacGyver72120@coopmortise.org', 'argon2$3$16$4096$8$X4s5dR3eW2eR3e', '2020-05-25T04:29:55.000Z',
        '2020-06-10T05:55:02.000Z', 'f1dc90cc-12af-506b-9ae3-14c1c1eeaed7', '2020-08-12T08:09:18.000Z',
        '27a28733-52fa-55b3-bcbc-f1a3899a2f4c', '2020-12-12T11:45:06.000Z', '448ca28e-9bff-5198-9987-8ed5febd1cae',
        'false', '2020-07-19T18:19:00.000Z', '2020-11-03T22:53:09.000Z', '{
         "Quae": "Quem neglegendo"
       }',
        '{
          "Nec": "Deterigit poetisti"
        }', 'f', '2020-04-12T04:06:56.000Z', '2020-07-03T18:32:16.000Z', DEFAULT,
        '2020-10-26T10:06:24.000Z', DEFAULT, DEFAULT, '2020-06-14T05:32:43.000Z', DEFAULT, DEFAULT,
        '2020-06-02T05:07:21.000Z', DEFAULT, '2020-08-20T19:24:27.000Z', DEFAULT, '2020-11-03T22:40:06.000Z', DEFAULT);
INSERT INTO public.user_profiles (id, created_at, updated_at, display_name, user_id)
VALUES (11, DEFAULT, DEFAULT, 'Mia Patel', 'e4b1d357-403c-54da-bed9-9fed7ed0839a'),
       (12, DEFAULT, DEFAULT, 'Savannah Lee', 'f6f9a086-6ef3-5093-868c-2a588d447b92'),
       (13, DEFAULT, DEFAULT, 'Michael Davis', '170931e6-1987-5e5f-967a-ee9b2300636c'),
       (14, DEFAULT, DEFAULT, 'Sofia Lee', '18161b53-44bf-5c5e-b990-764822666468'),
       (15, DEFAULT, DEFAULT, 'Olivia Kim', '132eb0a7-8d44-5839-b8f2-862031e624d8'),
       (16, DEFAULT, DEFAULT, 'Olivia Kim', '617258c8-3b6d-5fef-9765-6977ab0051a1'),
       (17, DEFAULT, DEFAULT, 'Savannah Lee', 'ed6946cc-d4aa-50bb-844f-739667f4367c'),
       (18, DEFAULT, DEFAULT, 'Ethan Martin', 'b14deeef-8b95-55fa-ba3f-fed8ccd64531'),
       (19, DEFAULT, DEFAULT, 'Axel Lee', '0f6c15ce-a0c9-54ab-9ef0-2d0d104c484e'),
       (20, DEFAULT, DEFAULT, 'Gavin Kim', '5db27777-c023-548d-b68a-b2d1f8e1b232');
INSERT INTO public.posts (id, created_at, updated_at, content, title, tags, user_profile_id)
VALUES (11, DEFAULT, DEFAULT,
        'I''m so proud of myself for finally starting my own business! [link] #entrepreneur #newbusiness',
        'The Power of Positive Thinking',
        '{"mpcixrue","mjswp","y","dzwl","efbnj","ngmktxmgjjz","iezdyilu","zbeeldtuuzv","wrtm","esivtphkj"}', 11),
       (12, DEFAULT, DEFAULT,
        'New workout routine alert! Check out my latest fitness video [link] #fitnessmotivation #workoutinspo',
        'Unleash Your Creative Potential',
        '{"bl","twmq","mtyxt","mpcixrue","mjswp","y","dzwl","efbnj","ngmktxmgjjz","iezdyilu"}', 12),
       (13, DEFAULT, DEFAULT,
        'I''m so grateful for my amazing friends who always know how to make me laugh [image of friends]',
        'Discover Your Hidden Talent', '{"bl","twmq","mtyxt","mpcixrue"}', 13),
       (14, DEFAULT, DEFAULT, 'Check out my latest blog post about sustainable fashion [link] #sustainability #fashion',
        'The Most Influential People of the Year',
        '{"yzyzahwq","ztvbgfoqidz","icvpzmui","bl","twmq","mtyxt","mpcixrue","mjswp","y","dzwl","efbnj","ngmktxmgjjz","iezdyilu","zbeeldtuuzv","wrtm","esivtphkj","b"}',
        14),
       (15, DEFAULT, DEFAULT, 'Does anyone have any tips for staying motivated and focused?',
        'Motivational Quotes to Live By', '{"iezdyilu","zbeeldtuuzv","wrtm"}', 15),
       (16, DEFAULT, DEFAULT, 'Does anyone have any recommendations for good coffee shops in the area?',
        'The Most Influential People of the Year', '{"dzwl","efbnj","ngmktxmgjjz","iezdyilu"}', 16),
       (17, DEFAULT, DEFAULT, 'Who''s ready for the weekend? I know I am! #FridayVibes #weekendgetaway',
        'Discover Your Hidden Talent',
        '{"ztvbgfoqidz","icvpzmui","bl","twmq","mtyxt","mpcixrue","mjswp","y","dzwl","efbnj","ngmktxmgjjz"}', 17),
       (18, DEFAULT, DEFAULT, 'Just got back from the most amazing trip to Japan! [image of Tokyo]',
        'Life-Changing Books You Need to Read', '{"mtyxt","mpcixrue","mjswp"}', 18),
       (19, DEFAULT, DEFAULT,
        'I''m so grateful for my amazing friends who always know how to make me laugh [image of friends]',
        'How to Boost Your Confidence', '{"zbeeldtuuzv","wrtm","esivtphkj","b","clyohs"}', 19),
       (20, DEFAULT, DEFAULT, 'Who else is loving the new season of [TV show]? I''m obsessed!',
        'The Best Podcasts of the Year',
        '{"mpcixrue","mjswp","y","dzwl","efbnj","ngmktxmgjjz","iezdyilu","zbeeldtuuzv","wrtm","esivtphkj","b","clyohs"}',
        20);
SELECT setval('"public"."user_profiles_id_seq"'::regclass, (SELECT MAX("id") FROM "public"."user_profiles"));
SELECT setval('"public"."posts_id_seq"'::regclass, (SELECT MAX("id") FROM "public"."posts"));

INSERT INTO auth.users (instance_id, id, aud, role, email, encrypted_password, email_confirmed_at, invited_at,
                        confirmation_token, confirmation_sent_at, recovery_token, recovery_sent_at,
                        email_change_token_new, email_change, email_change_sent_at, last_sign_in_at, raw_app_meta_data,
                        raw_user_meta_data, is_super_admin, created_at, updated_at, phone, phone_confirmed_at,
                        phone_change, phone_change_token, phone_change_sent_at, email_change_token_current,
                        email_change_confirm_status, banned_until, reauthentication_token, reauthentication_sent_at,
                        is_sso_user, deleted_at, is_anonymous)
VALUES ('00000000-0000-0000-0000-000000000000', '92cecf8f-2bb3-41eb-86a4-680f7495d559', 'authenticated',
        'authenticated', 'maxime.lozach@protonmail.com', '$2a$10$mIP/v6YPOaLmiAo98C.AOeH5uDZWkjijiMpKQKhDvo940zl1eH.rK',
        '2024-11-07 14:50:06.699201 +00:00', null, '', null, '', null, '', '', null,
        '2024-11-07 14:50:06.701383 +00:00', '{
    "provider": "email",
    "providers": [
      "email"
    ]
  }', '{
    "sub": "92cecf8f-2bb3-41eb-86a4-680f7495d559",
    "email": "maxime.lozach@protonmail.com",
    "email_verified": false,
    "phone_verified": false
  }', null, '2024-11-07 14:50:06.691705 +00:00', '2024-11-07 14:50:06.703652 +00:00', null, null, '', '', null, '', 0,
        null, '', null, false, null, false);
INSERT INTO public.user_profiles (id, created_at, updated_at, display_name, user_id, role)
VALUES (22, '2024-11-07 14:50:06.729835 +00:00', '2024-11-07 14:50:06.729835 +00:00', 'Lozach Maxime',
        '92cecf8f-2bb3-41eb-86a4-680f7495d559', 'SUPER_ADMIN');

INSERT INTO auth.users (instance_id, id, aud, role, email, encrypted_password, email_confirmed_at, invited_at,
                        confirmation_token, confirmation_sent_at, recovery_token, recovery_sent_at,
                        email_change_token_new, email_change, email_change_sent_at, last_sign_in_at, raw_app_meta_data,
                        raw_user_meta_data, is_super_admin, created_at, updated_at, phone, phone_confirmed_at,
                        phone_change, phone_change_token, phone_change_sent_at, email_change_token_current,
                        email_change_confirm_status, banned_until, reauthentication_token, reauthentication_sent_at,
                        is_sso_user, deleted_at, is_anonymous)
VALUES ('00000000-0000-0000-0000-000000000000', 'f5a609a3-e1a5-4b76-b190-08d36e9f7d26', 'authenticated',
        'authenticated', 'bob.razowski@etupro.fr', '$2a$10$5El4nukpi7LnDnk4RxOtoOjfnZ0cMEUJyRCa2U/wJV8Xg0xkaDg3y',
        '2024-11-16 13:34:30.872787 +00:00', null, '', null, '', null, '', '', null,
        '2024-11-16 14:11:23.489333 +00:00', '{
    "provider": "email",
    "providers": [
      "email"
    ]
  }', '{
    "sub": "f5a609a3-e1a5-4b76-b190-08d36e9f7d26",
    "email": "bob.razowski@etupro.fr",
    "email_verified": false,
    "phone_verified": false
  }', null, '2024-11-16 13:34:30.865130 +00:00', '2024-11-16 14:11:23.490802 +00:00', null, null, '', '', null, '', 0,
        null, '', null, false, null, false);
INSERT INTO public.user_profiles (id, created_at, updated_at, display_name, user_id, role)
VALUES (21, '2024-11-16 13:34:30.881687 +00:00', '2024-11-16 13:34:30.881687 +00:00', 'Test user',
        'f5a609a3-e1a5-4b76-b190-08d36e9f7d26', 'USER');
